department,district,commune,village,lat,long,landmark,notes
dakar,parcelles assainies,patte d'oie,grand medine,,,,
dakar,parcelles assainnies,patte d'oie,grand medine,,,,
dakar,parcelles assaines,patte d'oie,grand medine,,,,
dakar,parcelle assainies,patte d'oie,grand medine irregul,,,,
dakar,almadie,yoff,ngaparou,,,,
dakar,almadies,yoff,ngaparou,,,,
dakar,almadies,mermoz sacre coeur,mermoz ambassade,,,,
dakar,almadies,mermoz sacre coeur,mermoz ambassades,,,,
dakar,almadies,mermoz sacre coeur,sacre coeur ambassad,,,,
dakar,almadies,mermoz sacre coeur,mezmoz ambassade,,,,
dakar,almadies,mermoz  sacre coeur,mermoz ambassade,,,,
pikine,yeumbeul nord 03,yeumbeul nord 04,ousmane faye 05,,,,
pikine,yeumbeul nord 03,yeumbeul nord 4,ousmane faye 05,,,,
pikine,yeumbeul nord 03,yeumbeul 4,ousmane faye 05,,,,
pikine,yeumbeul nord 03,yeumbeul nord 03,ousmane faye 05,,,,
pikine,yeumbeul nord 3,yeumbeul nord 4,ousmane faye 05,,,,
pikine,yeumbeul nord 03,yeumbuel nord  04,ousmane faye 05,,,,
pikine,yeumbeul 03,yeumbeul nord 04,ousmane faye 05,,,,
pikine,thiaroye gare,thiaroye,cite la rochette,,,,
pikine,thiaroye gare,thiaroye gare,cite la rochette,,,,
pikine,thiaroye gare,pikine,cite la rochette,,,,
pikine,thiaroye,thiaroye,cite la rochette,,,,
pikine,pikine  ouest,pikine,cite lobatt fall,,,,
pikine,niaye,pikine,cite lobatt fall,,,,
pikine,pikine ouest,pikine ouest,cite lobatt fall,,,,
pikine,pikine,thiaroye,cite lobatt fall,,,,
pikine,pikine ouest,pikine,cite lobatt fall,,,,
pikine,pikine  ouest,pikine ouest,cite lobatt fall,,,,
pikine,pikine ouest,pikine ouest,cite lobatte fall,,,,
pikine,niayes,pikine,cite lobatt fall,,,,
pikine,pikine ouest,pikine 4,cite lobatt fall,,,,
pikine,pikine  ouest,pikine,cite lobatt  fall,,,,
pikine,pikine ouest,pikine  ouest,cite lobatt fall,,,,
pikine,thiaroye,pikine,cite  lobatt fall,,,,
dakar,grand dakar,hlm,hlm 6 nimzath,,,,
dakar,grand  dakar,dieupeul derkle,castor,,,,
rufisque,grand dakar,dieupeul derkle,castor,,,,
dakar,grand dakar,dieupeul derkle,castor,,,,
dakar,grand  dakar,dieupeul  derkle,castor,,,,
dakar,grand dakar,dieupeul  derkle,castor,,,,
dakar,grand dakar,dieuppeul derkle,castor,,,,
rufisque,grand  dakar,dieupeul derkle,castor,,,,
thies,,thies,hersent,,,,
thies,,,hersent,,,,
dakar,grd dakar,hlm,hlm 6 nimzatt,,,,
dakar,grd dakar,hlm,hlm 6 nimzat,,,,
dakar,grd,hlm,hlm 6 nimzat,,,,
dakar,dakar plateau,medina,gilbratar,,,,
dakar,dakar plateau,medina,gilbraltar,,,,
dakar,dakar plateau,medina,gibraltar,,,,
dakar,dakar plateau,medina,gibraltar 1,,,,
dakar,dakar plateau,medina,gilbratar 1,,,,
dakar,dakar plateau,medina,gilbraltar 1,,,,
dakar,dakar  plateau,medina,gibratar 1,,,,
dakar,gr dakar,biscuiterie,ouagou niayes.2,,,,
dakar,gr dakar,biscuiterie,ouagou niaye 2,,,,
dakar,gr dakar,biscuiterie,ouagou niayes 2,,,,
dakar,gr,biscuiterie,ouagou niayes 2,,,,
dakar,gr dakar,hlm,ouagou niayes 2,,,,
dakar,biscuiterie,gr dakar,ouagou niayes 2,,,,
dakar,almadies,mermoz sacre coeur,sacre coeur 1,,,,
dakar,almadied,mermoz sacre coeur,sacre coeur 1,,,,
dakar,almadies,mermoz sacre  coeur,sacre  coeur 1,,,,
dakar,almadies,mermoz sacre  coeur,sacre coeur,,,,
dakar,almadies,mermoz sacre  coeur,sacre coeur 1,,,,
dakar,almadies,mermoz sacre 1,sacre coeur 1,,,,
dakar,grd dakar,dieuppeul derkle,dieuppeul 4,,,,
dakar,grd dakar,dieuppeul dakar,dieuppeul 4,,,,
dakar,grd dakar,dieuppeul  derkle,dieuppeul 4,,,,
dakar,grd dakar,dieuppeul  derkle,dieuppeul  4,,,,
dakar,grand dakar,dieupeul,dieupeul4,,,,
dakar,grand dakar,dieupeul derkle,dieupeul 4,,,,
dakar,grd dakar,dieupeul derkle,dieuppeul 4,,,,
rufisque,dakar plateau,gueule tapee fass,gueule tapee,,,,
dakar,dakar plateau,gueule tapee fass,gueule tapee,,,,
dakar,dakar plateau,gueule tapee  fass,gueule tapee,,,,
dakar,dakar plateau,gueule tapee fass,gueule tapee 4,,,,
dakar,dakar plateau,gueule tapee fass,hlm gueule tapee,,,,
dakar,grd dakar,sicap liberte,sacre  coeur 3,,,,
dakar,grand dakar,sicap liberte,sacre coeur 3,,,,
dakar,grd dakar,sicap  liberte,sacre  coeur 3,,,,
dakar,gr dakar,sicap liberte,liberte 6,,,,
dakar,grand dakar,sicap liberte,liberte 6,,,,
dakar,grand dakar,dieuppeul derkle,dieuppeul 1,,,,
dakar,grd dakar,dieupeul derkle,dieupeul 3,,,,
dakar,grd dakar,dieuppeul  derkle,dieuppeul,,,,
dakar,grand dakar,dieupeul derkle,dieuppeul 3,,,,
dakar,grd dakar,dieupeul derkle,dieupeul 1,,,,
dakar,grd dakar,dieupeul derkle,dieupeul,,,,
dakar,gr dakar,dieupeul derkle,dieupeul,,,,
dakar,grand dakar,dieuppeul dakar,dieuppeul 1,,,,
dakar,grand dakar,dieuppul derkle,dieuppeul 1,,,,
dakar,grd dakar,dieupeul derkle,dieupeul1,,,,
dakar,grd dakar,sicap liberte,liberte 3,,,,
dakar,dakar plateau,fann point e amitie,zone b batiment,,,,
dakar,dakar  plateau,fann amitie,zone  b  batiment,,,,
dakar,dakar plateau,fann point  amitie,zone  b batiment,,,,
dakar,dakar  plateau,fann point e amitie,zone b batiment,,,,
dakar,dakar plateau,fann p e amitie,zone b batiment,,,,
dakar,dakar palteau,fann point e amitie,zone  b batiment,,,,
thies,thies,thies  ouest,mbour i,,,,
thies,thies,thies ouest,mbour i,,,,
thies,,thies ouest,mbour i,,,,
thies,,thies ouest,mbour  i,,,,
thies,,thies  ouest,mbour i,,,,
thies,thies,thies ouest,mbour  i,,,,
thies,,thies  ouest,mbour  i,,,,
thies,,thies ouest,mbour 1,,,,
thies,thies,thies  ouest,mbour 1,,,,
mbour,,mbour,chateau d'eau,,,,
mbour,sessene,nguediene,thiarene  h2,,,,
mbour,sessene,guediene,thiarene  h2,,,,
mbour,sessene,ngediene,thiarene  h2,,,,
mbour,sessene,ngueniene,thiarene  h2,,,,
mbour,sessene,nguedienne,thiarene  h2,,,,
mbour,sessene,ngueniene,thiarene,,,,
mbour,sessene,gueniene,thiarene  h2,,,,
guediawaye,guediawaye,golf sud,cite des enseignants,,,,
guediawaye,guediawaye,ca golf sud,cite des enseignants,,,,
guediawaye,guediawaye,goolf sud,cite des enseignants,,,,
guediawaye,guediawaye,golf  sud,cite des enseignants,,,,
guediawaye,guediawaye,golf sud,parcelles ass u 4,,,,
guediawaye,gueidawaye,golf sud,parcelles ass u 4,,,,
guediawaye,guediawaye,goolf sud,parcelles ass u 4,,,,
dakar,parcelles assainies,grand yoff,arafat,,,,
dakar,parcelles assainiesg,grand yoff,arafat,,,,
guediawaye,guediawaye,golf sud,hlm las palmas,,,,
mbour,,mbour,darou salam,,,,
dakar,parcelles assainies,parcelles assainies,pa unite 11,,,,
dakar,parcelles assainies,parcelles assainies,unite 11,,,,
dakar,parcelles assainies,plles assainies,pa unite 11,,,,
dakar,parcelles assainies,parcelles assainies,parcelles assainies,,,,
dakar,grand  dakar,sicap  liberte,liberte 1,,,,
dakar,grand dakar,sicap liberte,liberte 1,,,,
dakar,grand  dakar,sicap liberte,liberte  1,,,,
dakar,grand  dakar,sicap  liberte,liberte  1,,,,
dakar,grand  dakar,sicap liberte  1,liberte  1,,,,
dakar,grand  dakar,sicap liberte,liberte 1,,,,
dakar,grand  dakar,sicap liberte 1,liberte 1,,,,
dakar,grand dakar,sicap liberte,sicap  liberte 1,,,,
dakar,grand  dakar,sicap liberte,liberte  i,,,,
dakar,grand  dakar,sicap liberte,liberte,,,,
dakar,grand  dakar,sicap liberte,liberte i,,,,
dakar,grand dakar,sicap liberte,saicap liberte i,,,,
dakar,grand dakar,hlm,hlm 5,,,,
dakar,grand dakar,hlm,hlm5,,,,
dakar,grand dakar,hlm 5,hlm 5,,,,
pikine,pikine  dagoudane,guinaw rail,samba  niang,,,,
pikine,pikine dagoudane,guinaw rail,samba niang,,,,
pikine,pikine  dagoudane,guinaw rails,samba  niang,,,,
pikine,pikine dagoudane,guinaw rail sud,samba niang,,,,
pikine,pikine  dagoudane,guinaw rails,samba niang,,,,
pikine,pikine dagoudane,guinaw rail sud,samba  niang,,,,
pikine,pikine dagoudane,guinaw  rail,samba  niang,,,,
pikine,pikine  dagoudane,guinaw rail sud,samba  niang,,,,
pikine,pikine  dagoudane,guinaw rail  sud,samba  niang,,,,
pikine,pikine  dagougane,guinaw rail sud,samba niang,,,,
pikine,pikine  dagoudane,guinaw rails sud,samba  niang,,,,
pikine,pikine  dagoudane,guinaw  rails,samba  niang,,,,
pikine,pikine dagoudane,guinaw rail  sud,samba niang,,,,
pikine,pikine dagoudane,guinaw  rails sud,samba niang,,,,
pikine,pikine  dagoudane,guinaw rail,samba niang,,,,
pikine,pikine  dagounane,pikine  ouest,cite icotaf,,,,
pikine,pikine dagoudane,pikine ouest,cite  icotaf,,,,
pikine,pikine dagoudane,pikine ouest,cite icotaf,,,,
pikine,pikine dagoudane,pikine  ouest,cite  icotaf,,,,
pikine,pikine  dagoudane,pikine ouest,cite icotaf,,,,
pikine,pikine  dagoudane,pikine ouest,cite  icotaf,,,,
pikine,pikine dagoune,pikine ouest,cite icotaf,,,,
pikine,pilkine dagoudane,pikine ouest,cite icotaf,,,,
pikine,pilkine  dagoudane,pikine ouest,cite  icotaf,,,,
pikine,pikine  dagoudane,pikine  ouest,cite  icotaf,,,,
pikine,pikine  dagoudane,pikine  ouest,cite  ouest,,,,
pikine,pikine dagoudane,pikine  ouest,cite icotaf,,,,
dakar,grand dakar,hlm,hlm 4,,,,
rufisque,rufisque,rufisque ouest,diokoul kaw,,,,
rufisque,rufisque ouest,rufisque ouest,diokoul kaw,,,,
rufisque,,rufisque oues,diokoul kaw,,,,
rufisque,,rufisque ouest,diokoul kaw,,,,
rufisque,rufisque ouest,rufisque,diokoul kaw,,,,
rufisque,sangalkam,sangalkam,niagha ouolof,,,,
rufisque,rufisque,sangalkam,niagha ouolof,,,,
rufisque,rufisque,sangalkam,niagha wolof,,,,
dakar,grand dakar,hlm,hlm4,,,,
mbour,,mbour,tefess,,,,
tiwaouane,,tivaouane,ndiandakhoune,,,,
tiwaouane,,tivaouane,ndiandiakhoune,,,,
tiwaouane,,tivaouane,ndiantakhoune,,,,
tiwaouane,,tivaoune,ndiandiakhoune,,,,
tiwaouane,,tivaoune,ndiandakhoune,,,,
tiwaouane,tivaouane,tivaouane,ndiandakhoune,,,,
tiwaouane,merina dakhar,koul,khandane,,,,
tiwaouane,merina dakhar,koul,khandame,,,,
tiwaouane,merina dakar,koul,khandame,,,,
tiwaouane,merian dakhar,koul,khandane,,,,
foundiougne,,gossas,keur el hadji,,,,
gossas,,gossas,keur el hadji,,,,
gossas,,gossas,keur el hadj,,,,
diourbel,,diourbel,medinatoul est,,,,
diourbel,,diourbel,medinatoul,,,,
diourbel,,diourbel,madinatoul,,,,
diourbel,,dioubel,medinatoul,,,,
mbacke,ndame,touba mosquee,guede bousso,,,,
mbacke,ndame,touba mosquee,gude bousso,,,,
nioro,ndame,touba mosquee,guede bousso,,,,
mbacke,ndame,touba mosquee,guede,,,,
bambeye,ndame,touba mosquee,guede bousso,,,,
foundiougne,djilor,passy,escale,,,,
foundiougne,,passy,passy,,,,
foundiougne,,passy,escale,,,,
foundiougne,,passy,passy leona,,,,
foundiougne,djiolor,passy,passy leona,,,,
foundiougne,,passy,passy escale,,,,
foundiougne,djilor,passy,passy leona,,,,
diourbel,,diourbel,,,,,
diourbel,,diourbel,medinatoul  ouest,,,,
bambeye,,diourbel,medinatoul,,,,
diourbel,,diourbel,medinatoul nord,,,,
fatick,niakhar,patar,baredji de diane,,,,
fatick,niakhar,patar,beredji de diane,,,,
fatick,niakhar,patar,belky,,,,
fatick,niakhar,patar,belky de diane,,,,
fatick,niakhar,patar,belky diane,,,,
fatick,niakhar,patar,berefji de diane,,,,
fatick,niakhar,patar,beredji de diame,,,,
bambeye,,bambey,leona  sud,,,,
bambeye,,bambey,leona,,,,
bambeye,,bambey,leona sud,,,,
bambeye,,bambey,bambey,,,,
bambeye,babagarage,dinguiraye,baridian,,,,
bambeye,babagarage,diguiraye,baridian,,,,
bambeye,baba garage,dinguiraye,paye  baridian,,,,
bambeye,babagarage,dinguiraye,paye  baridian,,,,
bambeye,babagarage,dinguiraye,ndiayalla,,,,
bambeye,babaragage,dinguiraye,baridian,,,,
bambeye,babagarage,dinguiraye,paye baridian,,,,
bambeye,baba garage,dinguiraye,pape  baridian,,,,
bambeye,baba garage,dinguiraye,paye baridian,,,,
bambeye,baragarage,dinguiraye,baridian,,,,
kebemer,,louga,madina,,,,
kebemer,,kebemer,medina,,,,
louga,koki,ndiagne,nianguene ndiagne,,,,
louga,koki,ndiagne,nianguene  ndiagne,,,,
louga,koki,ndiagne,ndieuk,,,,
louga,koki,ndiagne,mbodjiene,,,,
louga,koki,diagne,ndiagne,,,,
louga,coki,ndiagne,nianguene  ndiagne,,,,
louga,coki,ndiagne,ndianguene  ndiagne,,,,
louga,koki,ndiagne,nienguene  ndiagne,,,,
louga,koki,ndiagne,nianguene   ndiaye,,,,
louga,coki,ndiagne,nianguene  ndiague,,,,
louga,koki,ndiagne,ndiagne,,,,
louga,,louga,keur  serigne  louga,,,,
louga,,louga,keur serigne louga,,,,
louga,,louga,artillerie,,,,
louga,,louga,artellerie,,,,
kebemer,,louga,artillerie,,,,
louga,,louga,antillerie,,,,
diourbel,,louga,keur  serigne  louga,,,,
louga,,louga,keur serigne louga s,,,,
louga,,louga,montagne,,,,
louga,,louga,santhia centre,,,,
louga,,louga,santhiaba centre,,,,
kebemer,,louga,santhiaba centre,,,,
louga,,louga,santhiaba coutre,,,,
louga,,louga,santhiaba   centre,,,,
kebemer,sagatta,kanene ndiob,affe leye,,,,
kebemer,sagatta,kanene ndiob,affe leye 1,,,,
kebemer,sagatte,kanene ndiob,affe 2h1peul affe,,,,
kebemer,sagatta,kanehe ndiob,affe 2h1 peul affe2,,,,
kebemer,sagatta,kanene ndiob,nguene seye,,,,
kebemer,sagatta,kanene ndiob,nguene seye h darou,,,,
kebemer,sagatta,kanen e ndiob,affe leye 1,,,,
kebemer,sagatta,kanene ndiob,affe,,,,
kebemer,sagatta,kanene ndiob,affe 1,,,,
kebemer,sagatta,kanene ndiob,affe leye 2,,,,
kaolack,,kaolack,ndorong,,,,
kaolack,,kaolack,sara ndiougary,,,,
kaolack,,kaolack,sara  ndiougary,,,,
kaolack,,kaolack,sarandiougary,,,,
kaolack,ndiendieng,ndiendieng,thiakho djigane,,,,
kaolack,ndiendieng,ndiendieng,thiakao djiguane,,,,
kaolack,ndiendieng,ndiendieng,raymon  hamady  baid,,,,
kaolack,ndiendieng,ndiendieng,payemar  wolof,,,,
kaolack,ndiendieng,ndiendieng,payemar  diouf,,,,
kaolack,ndiendieng,ndiendieng,payemar biram,,,,
kaolack,ndiendieng,ndiendieng,thiakho   djigane,,,,
kaolack,ndiendieng,ndiendieng,thiakho  djigane,,,,
kaolack,ndiendieng,ndiendieng,payemar abdoulaye,,,,
kaolack,ndiendieng,ndiendieng,paymar amady  baidy,,,,
kaolack,ndiendieng,ndiendieng,paymarwolof,,,,
kaolack,ndiendieng,ndiendieng,baymar,,,,
kaolack,ndiendieng,ndiendieng,thiakhodjiguane,,,,
kaolack,ndiendieng,ndiendieng,paye mare  amary  ba,,,,
kaolack,ndiengdieng,ndiengdieng,paymarwolof,,,,
kaolack,ndieng dieng,ndiendieng,paymar,,,,
kaolack,ndiendieng,ndiendieng,paymar,,,,
kaolack,ndiendieng,ndiendieng,payemar wolof,,,,
nioro,medina sabakh,kayemor,sonkorong,,,,
nioro,medina sabakh,kayemor,ndakar,,,,
nioro,medina sabakh,kayemor,sakorong,,,,
nioro,medina saba,kaye mor,leona,,,,
nioro,medina sabakh,kayemor,ndakhar,,,,
nioro,medina sabakh,kayemar,ndakhar,,,,
nioro,medina saba,kayemor,sonkorong,,,,
nioro,medina sabakh,kayemor,leona,,,,
kaffrine,gniby,boulel,alloukysy,,,,
kaffrine,gniby,boulel,alloukisy,,,,
kaffrine,ngniby,boulel,alloucky sy,,,,
kaffrine,ngniby,boulel,allouky sy,,,,
kaffrine,ngniby,boulel,darou karim,,,,
kaffrine,gniby,boulel,allouky sy,,,,
kaffrine,ngniby,boulel,allouky nelbel,,,,
kaffrine,gniby,boulele,alloukisy,,,,
kaffrine,gniby,boulel,alloukisy teree neuv,,,,
kaffrine,gniby,boulel,alloukisy terre neuv,,,,
kaffrine,gniby,boulel,alloucky sy,,,,
kaffrine,nginby,boulel,alloucky sy,,,,
mbacke,ndame,touba mosquee,madiyana,,,,
mbacke,ndame,touba mosquee,madiyana 1,,,,
mbacke,ndame,touba mosquee,touba madiyana,,,,
mbacke,,touba mosquee,madiyana 1,,,,
mbacke,ndame,toouba mosquee,madiyana 1,,,,
mbacke,ndiaye,touba  mosque,madiyana,,,,
mbacke,ndame,touba  mosque,touba madiyana,,,,
diourbel,,diourbel,thierno  kandji,,,,
diourbel,,diourbel,thierno kandji,,,,
diourbel,,diourbel,thierno   kandji,,,,
diourbel,,dourbel,thierno  kandji,,,,
diourbel,,diourbel,cite  basse,,,,
bambeye,,diourbel,thierno  kandji,,,,
mbacke,ndame,touba mosquee,darou khoudoss,,,,
mbacke,ndame,touba  mosque,drou  khoudoss,,,,
mbacke,ndame,touba mosquee,darou khoudoss i,,,,
mbacke,ndame,touba mosquee,darou khoudouss,,,,
mbacke,ndame,touba  mosquee,darou  khoudoss,,,,
mbacke,,touba mosquee,khaira,,,,
mbacke,ndame,touba mosquee,khayra,,,,
mbacke,ndame,touba mosquee,keur niang khayra,,,,
mbacke,ndame,touba mosquee,khayra (fama gueye),,,,
mbacke,ndame,touba mosquee,touba khayra,,,,
mbacke,,touba mosquee,khayra,,,,
mbacke,ndame,touba  mosque,khaire,,,,
mbacke,ndame,touba  mosque,khayra,,,,
mbacke,ndame,touba mosquee,khaira niang,,,,
mbacke,,mbacke,mbacke  khewar,,,,
mbacke,,mbacke,mbacke khewar,,,,
mbacke,ndame,mbacke,mbacke  khewar,,,,
mbacke,,mbacke,mbacke   khewar,,,,
mbacke,,mbacke,ndiobene,,,,
diourbel,,touba mosquee,darou khoudouss,,,,
mbacke,,touba mosquee,darou khoudouss,,,,
mbacke,,touba mosquee,darou khoudoss,,,,
mbacke,,touba mosquee,darou khoudoss i,,,,
mbacke,ndame,touba mosquee,darou khoudouss 1,,,,
mbacke,ndame,touba mosquee,darou khoudoss 1,,,,
kanel,orkadiere,aoure,aoure,,,,
matam,agnam civol,agnam civol,sinthiou cire mato,,,,
matam,agnam civol,orefonde,sinthiou cire mato,,,,
matam,agnam civol,agnam civol,agnam civol,,,,
matam,agnam civol,agnam,agnam civol,,,,
matam,agnam sivol,agnam sivol,agnam sivol,,,,
matam,agnam civol,agnam civol,sinthiou sire mato,,,,
matam,ogo,bakidiawe,guidjilogne lodiou,,,,
matam,ogo,bokidiawe,guidjilogne lodiou,,,,
matam,ogo,bokidiawe,guidjilogne,,,,
matam,ogo,bokidiawe,misscia lodiou,,,,
matam,ogo,bokidiawe,nguedjilogne somone,,,,
matam,ogo,bokidiawe,nguidjilogne somona,,,,
matam,ogo,bokidiawe,guindjilogne lodiou,,,,
matam,ogo,bokidiawe,guindjilogne,,,,
matam,ogo,bokidiawe,nguilogne somone,,,,
matam,ogo,bokidiawe,nguidjilogne somone,,,,
matam,ogo,bokidiawe,nguidjilogne somono,,,,
matam,ogo,bokidiawe,fonde samba mali,,,,
matam,ogo,bokodiawe,fonde samba mali,,,,
matam,ogo,bokidiawe,founde samba mali,,,,
matam,ogo,bokidiawe,nguidjilogue somone,,,,
matam,ogo,nabadji  civol,boynadji  roumde,,,,
matam,ogo,nabadji  civol,boynadji  roumbe,,,,
matam,ogo,nabadji   civol,boinadji  roumbe,,,,
matam,ogo,nabadji  civol,mbanane,,,,
matam,ogo,nabadji   civol,mbaname,,,,
matam,ogo,nabadji civol,mbanane,,,,
matam,ogo,nabadji,boynadji  roumde,,,,
matam,ogo,nabadji   civol,boybadji   roumde,,,,
matam,ogo,nabadji  civol,boinadji   roumde,,,,
matam,ogo,nabadji  civol,boinadji  civol,,,,
matam,ogo,nabadji   civol,boynadji   roumde,,,,
matam,ogo,nabadji  civol,boinadji roumde,,,,
matam,ogo,nabadji  civol,mbaname,,,,
matam,,ourassogui,moderne,,,,
matam,,ourossogui,moderne  ii,,,,
matam,,ourossogui,moderne ii,,,,
matam,,ourassogui,moderne 2,,,,
matam,,ourassogui,moderne  2,,,,
matam,,ourassogui,moderne  3,,,,
matam,,ourossogui,modeme,,,,
matam,,ourossogui,moderne 3,,,,
matam,,ourossogui,moderne b,,,,
matam,,ourossogui,moderne 2,,,,
matam,,ourassogui,moderne ii,,,,
matam,,ourassogui,moderne 3,,,,
matam,agnam   civol,thilogne,golere,,,,
matam,agnam  civol,thilogne,golere,,,,
matam,agnam   civol,thilogne,badel,,,,
matam,agnam  civol,thilogne,thiambe,,,,
matam,agnam  civol,thilogne,badel,,,,
matam,agnam   civol,thilogne,thiambe,,,,
matam,agnam civol,thilogne,thiambe,,,,
kanel,sinthiou bambambe,wouro sidy,medina torobe,,,,
kanel,sinthiou bamambe,ouro sidy,medina torobe,,,,
kanel,sinthiou bambambe,ouro sidy,medina torobe,,,,
kanel,sintiou bambambe,ouro sidy,medina torobe,,,,
kanel,sintiou bamambe,ouro sidy,medina torobe,,,,
kanel,sinthiou bamambe,ouro sidy,gourel yero njiba,,,,
kanel,sinthiou babambe,wouro sidy,medina torobe,,,,
kanel,sinthiou banbambe,wouro sidy,medina torobe,,,,
kanel,sinthiou banbambe,worou sidy,medina torobe,,,,
kanel,sintiou bambambe,ouro sidy,medina torobes,,,,
kanel,sintian bambambe,ouro sidy,medina torobe,,,,
matam,agnam civol,orefonde,hodio,,,,
matam,agnam civol,orefonde,asnde balla,,,,
kanel,agnam civol,orefonde,asnde balla,,,,
matam,agnam civol,orefonde,ndiaku,,,,
matam,agnam civol,orefonde,ndiakir,,,,
matam,agnama civol,orefonde,asnde balla,,,,
matam,agnam civol,orefonde,ndiakar,,,,
matam,,matam,diamel,,,,
kanel,orkadiere,orkadiere,sinthiane dioude,,,,
kanel,orkadiere,orkadiere,samba mali,,,,
kanel,orkadiere,orkadiere,boki,,,,
kanel,orkadiere,orkadiere,sama ngaye,,,,
kanel,orkadiere,orkadiere,ballele,,,,
kanel,orkadiere,orkadiere,gouriki samba diane,,,,
kanel,orkadiere,orkadiere,dirou dirou,,,,
kanel,orkadiere,orkadiere,boki samba gourma,,,,
kanel,orkadiere,orkadiere,gouricky samba diome,,,,
kanel,orkadiere,orkadiere,gouriki samba diom,,,,
kanel,orkadiere,orkadiere,gouriky samba diome,,,,
kanel,,kanel,yirla,,,,
kanel,,kanel,yula,,,,
matam,,ourassogui,mango,,,,
matam,,ourassogui,darou salam,,,,
matam,,ourossogui,mango,,,,
matam,,ourassogui,dar  salam,,,,
matam,,ourasogui,mango,,,,
matam,,ourassogui,mango 1,,,,
matam,,ourossogui,dar  salam,,,,
ranerou,velingara,oudalaye,zoumboul samba abdou,,,,
ranerou,velingara,oudalaye,loumbol samba abdoul,,,,
ranerou,velingara,oudalaye,womo doro,,,,
ranerou,velingara,oudalaye,teguinguel,,,,
ranerou,velingara,oudalaye,boko mbarodi,,,,
ranerou,velingara,oudalaye,wouro alassane g sow,,,,
ranerou,velingara,oudalaye,loumbol samba abdou,,,,
ranerou,vilingara,oudalaye,wourou doro,,,,
ranerou,velingara,oudalaye,wouro doro,,,,
kanel,,semme,sony,,,,
kanel,,semme,sorry,,,,
kanel,,semme,sorry (roumbe),,,,
matam,ogo,ogo,diandioly,,,,
matam,ogo,ogo,djandioly,,,,
matam,ogo,ogo,wodabe,,,,
matam,ogo,ogo,wouro adama,,,,
nioro,paoskoto,paoskota,samba malick,,,,
nioro,paoskoto,paoskoto,keur birame ba,,,,
nioro,paoskoto,paoskoto,nguevy,,,,
nioro,paoskoto,paoskoto,keur amath drame,,,,
nioro,paoskoto,paoskoto,keur ndiogou dieng,,,,
nioro,paoskoto,paoskoto,samba malick,,,,
nioro,paoskoto,paoskoto,damba malick,,,,
nioro,paoskoto,paokoto,medina ndiayenne,,,,
nioro,paoskoto,paoskoto,medina ndiayenne,,,,
nioro,paoskoto,pasokoto,keur amath drame,,,,
kaffrine,mbirkilane,nioguick,manfjigui,,,,
kaffrine,mbirkilane,ndiognick,nandjigui,,,,
kaffrine,mbirkilane,ndiognick,darou nandjigui,,,,
kaffrine,mbirkilane,diognick,darou nandjigui,,,,
bakel,coulor,coulor,tata,,,,
bakel,coulor,coulor,madina  ii,,,,
bakel,coulor,coulor,maleme  hamady  seyd,,,,
bakel,coulor,coulor,gourel  ndiaybe,,,,
bakel,coulor,coulor,diare  cede,,,,
bakel,coulor,coulor,sinthiou  maboude,,,,
bakel,coulor,coulor,kaldeme,,,,
bakel,coulor,coulor,medina  ii,,,,
bakel,coulor,coulor,madina   ii,,,,
bakel,coulor,coulor,,,,,
bignona,coulor,coulor,kaldeme,,,,
bakel,coulor,coulor,gourel   aga,,,,
bakel,coulor,coulor,ndiaye  be,,,,
bakel,coulor,coulor,sinthiou  maboube,,,,
ziguinchor,,ziguinchor,diefaye,,,,
ziguinchor,ziguinchor,ziguinchor,diefaye,,,,
bignona,kataba,kafountine,matate,,,,
bignona,kataba,katountine,hilole,,,,
bignona,kataba,kafountine,hilole,,,,
podor,,gollere,nanaye,,,,
bignona,kataba,kafountine,kouba,,,,
bignona,tobata 1,kafountine,kuba,,,,
bignona,kataba,kanfountine,kouba,,,,
bignona,kataba,kafountine,kuba  loulou,,,,
bignona,kataba,kafountine,couba,,,,
bakel,goudery,gniby,moudery,,,,
bakel,ngniby,moudery,ndiaye counda,,,,
bakel,gnibi,mouderi,mouderi,,,,
bakel,gniby,moudery,ndiaye counda,,,,
bakel,ngiby,moudery,ndiaye counda,,,,
bakel,ngniby,mouderi,ndiaye counda,,,,
bakel,ngnbe,mouderi,ndiaye counda,,,,
bakel,gnibi,moudery,modery,,,,
bakel,goudiri,boyinguel,diol foube,,,,
bakel,goudiry,biyingueul,leva diolfoube,,,,
bakel,goudiry,biyingueul,sinthiou body,,,,
bakel,goudiry,boyingueul,woyndoucoly,,,,
bakel,goudiry,boyeuguel,sinthiou omar lili,,,,
bakel,goudiry,boyinguel,sithiou doube,,,,
bakel,goudiri,boyinduel,senobode,,,,
bakel,goudiry,boyingneul,lena  diolfoude,,,,
bakel,goudiry,boyingueul,leva diavabel,,,,
bakel,goudiry,boyingueul,leva diolfoube,,,,
bakel,goudiry,boyinguel,leva diolfoube,,,,
bakel,goudiry,boyingueul,woyndoul coly,,,,
bakel,goudiry,boyingueul,woyndou coly,,,,
bakel,goudiry,boyingnoul,sinthiou,,,,
kolda,,kolda,doumanssou,,,,
kolda,,kolda,damanssou,,,,
kolda,,kolda,doumansou,,,,
kolda,,kolda,damassou,,,,
kolda,,kolda,doumassou,,,,
sedhiou,bogal,bogal,sare demba,,,,
sedhiou,bogol,bogol,sare babou,,,,
sedhiou,bogal,bogal,boufaraghore,,,,
sedhiou,bogal,bogal,boufaraghor,,,,
sedhiou,bogal,bogal,boufaradong,,,,
sedhiou,bogal,bogal,badending doulo,,,,
sedhiou,bogal,bogal,sare seny diallo,,,,
sedhiou,bocal,bocal,sare  demba,,,,
sedhiou,bogol,bogol,boufaraghor,,,,
sedhiou,bogal,bogal,sare seiny diallo,,,,
sedhiou,bogal,bogal,badeding,,,,
sedhiou,bogal,bogal,badinding doulo,,,,
sedhiou,bogal,bogal,bougna samba diallo,,,,
st-louis,,saint louis,pikine,,,,
st-louis,,saint  louis,pikine,,,,
st-louis,,st louis,pikine,,,,
st-louis,,siant louis,pikine,,,,
st-louis,,st louis,sor nord,,,,
st-louis,,saint louis,sor nord,,,,
st-louis,,saint  louis,sor  nord,,,,
st-louis,,saint louis,sor  nord,,,,
st-louis,saint  louis,saint  louis,sor  nord,,,,
podor,thille  boubacar,fanaye,yetarre,,,,
podor,thille  boubacar,fanaye,yelitane,,,,
podor,thille boubacar,fanaye,fanaye,,,,
podor,thilli boubacar,fanaye,fanaye,,,,
podor,thille boubacar,fanaye,yelitare,,,,
podor,thille  boubacar,fanaye,fanaye,,,,
podor,thielle boubacar,fanaye,yelitare,,,,
podor,thiella  babacar,fanaye,fanaye,,,,
podor,thielle boubacar,fanaye,fanaye,,,,
podor,gamadji   sare,dodele,dodele,,,,
podor,gamadji  sare,dodele,dodele,,,,
podor,gamadji   sare,dodele,dolele,,,,
podor,gamadji  sare,dolele,dolele,,,,
podor,gamadji sare,dolele,dolele,,,,
podor,gamadji  sare,dodele,dodel,,,,
podor,gamadji  sare,dodele,dolele,,,,
podor,gamadji sare,dodele,dodele,,,,
podor,gamadji sare,dolele,dodele,,,,
st-louis,gamadji sare,dodele,dodele,,,,
podor,cas cas,mery,sourboty  mery,,,,
podor,cas cas,mery,sourboti,,,,
podor,cas cas,mery,mery,,,,
podor,cas  cas,mery,mery,,,,
podor,cas cas,mery,ndiouganabe  mery,,,,
podor,cas  cas,mery,sourboty,,,,
podor,cas  cas,mery,ndiouganabe,,,,
podor,cas  cas,mery,ndianganabe,,,,
podor,cas  cas,mery,sourboti,,,,
podor,cas cas,mery,ndiouganabe mery,,,,
podor,cas cas,mery,ndiouganabe,,,,
podor,,gollere,namaye,,,,
podor,,gollere,fanaye,,,,
podor,,ndiandane,ndiorna,,,,
podor,,ndiandame,ndiorna,,,,
podor,,ndiadane,ndiorna,,,,
podor,,ndiandane,ndiarno,,,,
podor,,niandane,ndiorna,,,,
dagana,,gae,bouleydi,,,,
st-louis,,gae,bouleydji,,,,
st-louis,,gae,bouleydi,,,,
guediawaye,guediawaye,golf  sud,parcelles   unit  4,,,,
dakar,almadies,dakar,sacre coeur 1,,,,
dakar,almadies,dakar,sacre coeur      1,,,,
dakar,gr dakar,sicap liberte,liberte 3,,,,
dakar,grand dakar,sicap liberte,liberte 3,,,,
dakar,grd dakar,sicap liberte 3,liberte 3,,,,
dakar,grd dakar,dieuppeul derkle,dieuppeul 1,,,,
pikine,thiaroye,thiaroye gare,cite rochette,,,,
pikine,thiaroye,thiaroye gare,cite la rochette,,,,
dakar,grd dkr,dieupeul derkle,castor 1,,,,
dakar,grd dakar,dakar,sacre coeur 3,,,,
dakar,grand dakar,dieuppeul drekle,castor 1,,,,
dakar,grand dakar,dieuppeul derkle,castor 1,,,,
dakar,grand dkr,sicap,liberte 6,,,,
dakar,grd dkr,sicap liberte,liberte 6,,,,
dakar,gd dakar,sicap liberte,liberte 6,,,,
dakar,grand dakar,fann point e,zone b batiment,,,,
dakar,gr dakar,fann point e,zone b batiment,,,,
dakar,grd dakar,sicap liberte,sacre coeur 3,,,,
dakar,grd dakar,dieuppeul liberte,dieuppeul 1,,,,
dakar,grd dakar,dieuppeul derkle,dieuppeul,,,,
dakar,grand dkar,fann point e,zone b batiement,,,,
dakar,grd dakar,dakar,sacre coeur,,,,
pikine,thiaroye,thiaroye  gare,cite rochette,,,,
dakar,grd dkr,sicap liberte,liberte 3,,,,
kebemer,sagata,kanene ndiob,nguene seye,,,,
